{
    "version": "1.0",
    "title": "joystick bottom",
    "multiple_choice": false,
    "input_type": "choice",
    "defVal":0,
    "data": [
        {
            "code": 0,
            "name": "按键1"
        },
        {
            "code": 1,
            "name": "按键2"
        },
        {
            "code": 2,
            "name": "按键3"
        },
        {
            "code": 3,
            "name": "按键4"
        },
        {
            "code": 4,
            "name": "按键5"
        },
        {
            "code": 5,
            "name": "按键6"
        },
        {
            "code": 6,
            "name": "按键7"
        },
        {
            "code": 7,
            "name": "按键8"
        },
        {
            "code": 8,
            "name": "按键9"
        },
        {
            "code": 9,
            "name": "按键10"
        },
        {
            "code": 10,
            "name": "按键11"
        },
        {
            "code": 11,
            "name": "按键12"
        },
        {
            "code": 12,
            "name": "按键13"
        },
        {
            "code": 13,
            "name": "按键14"
        },
        {
            "code": 14,
            "name": "按键15"
        },
        {
            "code": 15,
            "name": "按键16"
        },
        {
            "code": 16,
            "name": "按键17"
        },
        {
            "code": 17,
            "name": "按键18"
        },
        {
            "code": 18,
            "name": "按键19"
        },
        {
            "code": 19,
            "name": "按键20"
        },
        {
            "code": 20,
            "name": "按键21"
        },
        {
            "code": 21,
            "name": "按键22"
        },
        {
            "code": 22,
            "name": "按键23"
        },
        {
            "code": 23,
            "name": "按键24"
        },
        {
            "code": 24,
            "name": "按键25"
        },
        {
            "code": 25,
            "name": "按键26"
        },
        {
            "code": 26,
            "name": "按键27"
        },
        {
            "code": 27,
            "name": "按键28"
        },
        {
            "code": 28,
            "name": "按键29"
        },
        {
            "code": 29,
            "name": "按键30"
        },
        {
            "code": 30,
            "name": "按键31"
        },
        {
            "code": 31,
            "name": "按键32"
        },
        {
            "code": 32,
            "name": "按键33"
        },
        {
            "code": 33,
            "name": "按键34"
        },
        {
            "code": 34,
            "name": "按键35"
        },
        {
            "code": 35,
            "name": "按键36"
        },
        {
            "code": 36,
            "name": "按键37"
        },
        {
            "code": 37,
            "name": "按键38"
        },
        {
            "code": 38,
            "name": "按键39"
        },
        {
            "code": 39,
            "name": "按键40"
        },
        {
            "code": 40,
            "name": "按键41"
        },
        {
            "code": 41,
            "name": "按键42"
        },
        {
            "code": 42,
            "name": "按键43"
        },
        {
            "code": 43,
            "name": "按键44"
        },
        {
            "code": 44,
            "name": "按键45"
        },
        {
            "code": 45,
            "name": "按键46"
        },
        {
            "code": 46,
            "name": "按键47"
        },
        {
            "code": 47,
            "name": "按键48"
        },
        {
            "code": 48,
            "name": "按键49"
        },
        {
            "code": 49,
            "name": "按键50"
        },
        {
            "code": 50,
            "name": "按键51"
        },
        {
            "code": 51,
            "name": "按键52"
        },
        {
            "code": 52,
            "name": "按键53"
        },
        {
            "code": 53,
            "name": "按键54"
        },
        {
            "code": 54,
            "name": "按键55"
        },
        {
            "code": 55,
            "name": "按键56"
        },
        {
            "code": 56,
            "name": "按键57"
        },
        {
            "code": 57,
            "name": "按键58"
        },
        {
            "code": 58,
            "name": "按键59"
        },
        {
            "code": 59,
            "name": "按键60"
        },
        {
            "code": 60,
            "name": "按键61"
        },
        {
            "code": 61,
            "name": "按键62"
        },
        {
            "code": 62,
            "name": "按键63"
        },
        {
            "code": 63,
            "name": "按键64"
        }
    ]

}