{
    "version":"1.0",
    "title":"选择密码",
    "multiple_choice":false,
    "input_type":"choice",
    "defVal":0,
    "data":[
        {"code":0,"name":"密码1"},
        {"code":1,"name":"密码2"},
        {"code":2,"name":"密码3"},
        {"code":3,"name":"密码4"},
        {"code":4,"name":"密码5"},
        {"code":5,"name":"密码6"},
        {"code":6,"name":"密码7"},
        {"code":7,"name":"密码8"},
        {"code":8,"name":"密码9"},
        {"code":9,"name":"密码10"},
        {"code":10,"name":"密码11"},
        {"code":11,"name":"密码12"},
        {"code":12,"name":"密码13"},
        {"code":13,"name":"密码14"},
        {"code":14,"name":"密码15"},
        {"code":15,"name":"密码16"},
        {"code":16,"name":"密码17"},
        {"code":17,"name":"密码18"},
        {"code":18,"name":"密码19"},
        {"code":19,"name":"密码20"},
        {"code":20,"name":"密码21"},
        {"code":21,"name":"密码22"},
        {"code":22,"name":"密码23"},
        {"code":23,"name":"密码24"},
        {"code":24,"name":"密码25"},
        {"code":25,"name":"密码26"},
        {"code":26,"name":"密码27"},
        {"code":27,"name":"密码28"},
        {"code":28,"name":"密码29"},
        {"code":29,"name":"密码30"},
        {"code":30,"name":"密码31"},
        {"code":31,"name":"密码32"},
        {"code":32,"name":"密码33"},
        {"code":33,"name":"密码34"},
        {"code":34,"name":"密码35"},
        {"code":35,"name":"密码36"},
        {"code":36,"name":"密码37"},
        {"code":37,"name":"密码38"},
        {"code":38,"name":"密码39"},
        {"code":39,"name":"密码40"},
        {"code":40,"name":"密码41"},
        {"code":41,"name":"密码42"},
        {"code":42,"name":"密码43"},
        {"code":43,"name":"密码44"},
        {"code":44,"name":"密码45"},
        {"code":45,"name":"密码46"},
        {"code":46,"name":"密码47"},
        {"code":47,"name":"密码48"},
        {"code":48,"name":"密码49"},
        {"code":49,"name":"密码50"},
        {"code":50,"name":"密码51"},
        {"code":51,"name":"密码52"},
        {"code":52,"name":"密码53"},
        {"code":53,"name":"密码54"},
        {"code":54,"name":"密码55"},
        {"code":55,"name":"密码56"},
        {"code":56,"name":"密码57"},
        {"code":57,"name":"密码58"},
        {"code":58,"name":"密码59"},
        {"code":59,"name":"密码60"},
        {"code":60,"name":"密码61"},
        {"code":61,"name":"密码62"},
        {"code":62,"name":"密码63"},
        {"code":63,"name":"密码64"},
        {"code":64,"name":"密码65"},
        {"code":65,"name":"密码66"},
        {"code":66,"name":"密码67"},
        {"code":67,"name":"密码68"},
        {"code":68,"name":"密码69"},
        {"code":69,"name":"密码70"},
        {"code":70,"name":"密码71"},
        {"code":71,"name":"密码72"},
        {"code":72,"name":"密码73"},
        {"code":73,"name":"密码74"},
        {"code":74,"name":"密码75"},
        {"code":75,"name":"密码76"},
        {"code":76,"name":"密码77"},
        {"code":77,"name":"密码78"},
        {"code":78,"name":"密码79"},
        {"code":79,"name":"密码80"},
        {"code":80,"name":"密码81"},
        {"code":81,"name":"密码82"},
        {"code":82,"name":"密码83"},
        {"code":83,"name":"密码84"},
        {"code":84,"name":"密码85"},
        {"code":85,"name":"密码86"},
        {"code":86,"name":"密码87"},
        {"code":87,"name":"密码88"},
        {"code":88,"name":"密码89"},
        {"code":89,"name":"密码90"},
        {"code":90,"name":"密码91"},
        {"code":91,"name":"密码92"},
        {"code":92,"name":"密码93"},
        {"code":93,"name":"密码94"},
        {"code":94,"name":"密码95"},
        {"code":95,"name":"密码96"},
        {"code":96,"name":"密码97"},
        {"code":97,"name":"密码98"},
        {"code":98,"name":"密码99"},
        {"code":99,"name":"密码100"},
        {"code":100,"name":"密码101"},
        {"code":101,"name":"密码102"},
        {"code":102,"name":"密码103"},
        {"code":103,"name":"密码104"},
        {"code":104,"name":"密码105"},
        {"code":105,"name":"密码106"},
        {"code":106,"name":"密码107"},
        {"code":107,"name":"密码108"},
        {"code":108,"name":"密码109"},
        {"code":109,"name":"密码110"},
        {"code":110,"name":"密码111"},
        {"code":111,"name":"密码112"},
        {"code":112,"name":"密码113"},
        {"code":113,"name":"密码114"},
        {"code":114,"name":"密码115"},
        {"code":115,"name":"密码116"},
        {"code":116,"name":"密码117"},
        {"code":117,"name":"密码118"},
        {"code":118,"name":"密码119"},
        {"code":119,"name":"密码120"},
        {"code":120,"name":"密码121"},
        {"code":121,"name":"密码122"},
        {"code":122,"name":"密码123"},
        {"code":123,"name":"密码124"},
        {"code":124,"name":"密码125"},
        {"code":125,"name":"密码126"},
        {"code":126,"name":"密码127"},
        {"code":127,"name":"密码128"}
    ]
}